{"accuracy": [0.6090909242630005, 0.25, 0.6636363863945007, 1.0, 0.7818182110786438, 0.75, 0.8454545736312866, 0.75, 0.8363636136054993, 1.0, 0.800000011920929, 1.0, 0.8999999761581421, 0.75, 0.8727272748947144, 0.75, 0.8909090757369995], "loss": [6.848475456237793, 7.577643394470215, 4.314600944519043, 0.000964599777944386, 1.3789180517196655, 1.2333070039749146, 0.8925002813339233, 0.41393715143203735, 0.8038284778594971, 0.002058259677141905, 0.784886360168457, 0.07261107116937637, 0.43800613284111023, 2.398608684539795, 0.34715649485588074, 0.6698649525642395, 0.23908637464046478], "val_accuracy": [0.3333333432674408, 0.5, 0.75, 0.75, 0.75, 0.75, 0.8333333134651184, 0.8333333134651184, 0.8333333134651184, 0.8333333134651184, 0.8333333134651184, 0.8333333134651184, 0.8333333134651184, 0.8333333134651184, 0.8333333134651184, 0.8333333134651184, 0.8333333134651184], "val_loss": [12.348336219787598, 10.877342224121094, 0.9730250239372253, 1.0547966957092285, 0.7140628695487976, 0.6841447353363037, 0.46325135231018066, 0.45719659328460693, 0.38404619693756104, 0.45260167121887207, 0.40441134572029114, 0.4393545389175415, 0.3311159610748291, 0.3314802944660187, 0.2983516752719879, 0.2980146110057831, 0.28897008299827576], "learning_rate": [9.999999747378752e-05, 9.999999747378752e-05, 9.999999747378752e-05, 9.999999747378752e-05, 9.999999747378752e-05, 9.999999747378752e-05, 9.999999747378752e-05, 9.999999747378752e-05, 9.999999747378752e-05, 9.999999747378752e-05, 9.999999747378752e-05, 9.999999747378752e-05, 1.9999999494757503e-05, 1.9999999494757503e-05, 1.9999999494757503e-05, 1.9999999494757503e-05, 1.9999999494757503e-05]}