{"accuracy": [0.7105262875556946, 0.9605262875556946, 0.9736841917037964, 0.9736841917037964, 1.0, 1.0, 0.9868420958518982, 1.0, 1.0, 1.0, 1.0], "loss": [2.0723068714141846, 0.2810790538787842, 0.16015322506427765, 0.19939614832401276, 0.0040297070518136024, 0.008559458889067173, 0.053626786917448044, 0.00042080090497620404, 1.5685431842271669e-09, 2.30398995881842e-06, 0.00021788867888972163], "val_accuracy": [0.75, 0.75, 0.625, 0.625, 0.75, 0.625, 0.625, 0.625, 0.625, 0.625, 0.625], "val_loss": [1.4579094648361206, 1.2620747089385986, 8.512474060058594, 2.928562641143799, 1.2140402793884277, 7.407666206359863, 8.608922958374023, 9.546104431152344, 9.47417163848877, 9.48531436920166, 9.314018249511719], "learning_rate": [9.999999747378752e-05, 9.999999747378752e-05, 9.999999747378752e-05, 9.999999747378752e-05, 9.999999747378752e-05, 9.999999747378752e-05, 1.9999999494757503e-05, 1.9999999494757503e-05, 1.9999999494757503e-05, 1.9999999494757503e-05, 1.9999999494757503e-05]}