{"accuracy": [0.5878962278366089, 0.90625, 0.5561959743499756, 0.5, 0.8933717608451843, 0.6875, 0.6109510064125061, 0.75, 0.7953890562057495, 0.8125, 0.8674351572990417], "loss": [6.65333366394043, 0.11253279447555542, 3.8207521438598633, 1.3716390132904053, 1.2783215045928955, 0.8708349466323853, 1.2077760696411133, 1.9436705112457275, 0.5770559310913086, 1.7930970191955566, 0.5890495777130127], "val_accuracy": [0.9375, 0.9375, 0.671875, 0.859375, 0.875, 0.671875, 0.75, 0.75, 0.90625, 0.90625, 0.90625], "val_loss": [0.3848988711833954, 0.4355946183204651, 0.8879513740539551, 0.3224804699420929, 0.3203158676624298, 0.7333872318267822, 0.5445616841316223, 0.4830542504787445, 0.19789327681064606, 0.19237969815731049, 0.18673384189605713], "learning_rate": [9.999999747378752e-05, 9.999999747378752e-05, 9.999999747378752e-05, 9.999999747378752e-05, 9.999999747378752e-05, 9.999999747378752e-05, 1.9999999494757503e-05, 1.9999999494757503e-05, 1.9999999494757503e-05, 1.9999999494757503e-05, 1.9999999494757503e-05]}