{"accuracy": [0.8559077978134155, 0.90625, 0.890489935874939, 0.875, 0.9164265394210815, 1.0, 0.9308357238769531, 0.875, 0.9318181872367859, 0.9259259104728699, 0.9481267929077148], "loss": [0.6018283367156982, 0.31545913219451904, 0.2982743978500366, 0.4131922125816345, 0.2010083794593811, 0.1473793089389801, 0.17702922224998474, 0.22293251752853394, 0.16394111514091492, 0.14231614768505096, 0.15282072126865387], "val_accuracy": [0.9375, 0.9375, 0.9375, 0.9375, 0.9375, 0.9375, 0.9375, 0.9375, 0.9375, 0.9375, 0.9375], "val_loss": [0.2365385740995407, 0.27573657035827637, 0.22820350527763367, 0.2183351367712021, 0.1941726803779602, 0.18593493103981018, 0.17458727955818176, 0.17452827095985413, 0.17230097949504852, 0.1720181405544281, 0.1712012141942978], "learning_rate": [9.999999747378752e-05, 9.999999747378752e-05, 9.999999747378752e-05, 9.999999747378752e-05, 9.999999747378752e-05, 9.999999747378752e-05, 1.9999999494757503e-05, 1.9999999494757503e-05, 1.9999999494757503e-05, 1.9999999494757503e-05, 1.9999999494757503e-05]}