{"accuracy": [0.5727272629737854, 0.5, 0.6181818246841431, 0.75, 0.6727272868156433, 1.0, 0.699999988079071, 1.0, 0.8272727131843567, 0.25, 0.7909091114997864], "loss": [1.0393564701080322, 1.4916563034057617, 0.7887882590293884, 0.3552209138870239, 0.5804697275161743, 0.136977419257164, 0.6351521015167236, 0.1962594985961914, 0.39175811409950256, 0.8410704135894775, 0.39824768900871277], "val_accuracy": [0.75, 0.75, 0.75, 0.75, 0.75, 0.75, 0.75, 0.75, 0.75, 0.75, 0.75], "val_loss": [0.5165347456932068, 0.5184657573699951, 0.5741639137268066, 0.5879783630371094, 0.6141949892044067, 0.6290963292121887, 0.5320749878883362, 0.5355227589607239, 0.5477213263511658, 0.5474657416343689, 0.5586119294166565], "learning_rate": [9.999999747378752e-05, 9.999999747378752e-05, 9.999999747378752e-05, 9.999999747378752e-05, 9.999999747378752e-05, 9.999999747378752e-05, 1.9999999494757503e-05, 1.9999999494757503e-05, 1.9999999494757503e-05, 1.9999999494757503e-05, 1.9999999494757503e-05]}