{"accuracy": [0.8443803787231445, 0.84375, 0.8933717608451843, 0.9375, 0.9682996869087219, 0.9375, 0.9942362904548645, 1.0, 0.9913544654846191, 1.0, 0.9971181750297546, 1.0, 0.9827089309692383], "loss": [4.993607521057129, 2.578859806060791, 0.28794044256210327, 0.16412006318569183, 0.08040539920330048, 0.09036803245544434, 0.03246719762682915, 0.014860868453979492, 0.0254418533295393, 0.002188068814575672, 0.020668618381023407, 0.007800744846463203, 0.033452220261096954], "val_accuracy": [0.9375, 0.9375, 0.953125, 0.953125, 0.9375, 0.9375, 0.953125, 0.953125, 0.953125, 0.953125, 0.953125, 0.953125, 0.953125], "val_loss": [1.0816144943237305, 0.7719449996948242, 0.2077239751815796, 0.22746247053146362, 0.33070826530456543, 0.3286530077457428, 0.31322380900382996, 0.31379497051239014, 0.31327733397483826, 0.3134806454181671, 0.3138599395751953, 0.31427308917045593, 0.31440892815589905], "learning_rate": [9.999999747378752e-05, 9.999999747378752e-05, 9.999999747378752e-05, 9.999999747378752e-05, 9.999999747378752e-05, 9.999999747378752e-05, 9.999999747378752e-05, 9.999999747378752e-05, 1.9999999494757503e-05, 1.9999999494757503e-05, 1.9999999494757503e-05, 1.9999999494757503e-05, 1.9999999494757503e-05]}