{"accuracy": [0.7492795586585999, 0.84375, 0.7694524526596069, 0.8125, 0.9048991203308105, 0.8125, 0.7838616967201233, 0.9375, 0.8674351572990417, 0.8125, 0.8414985537528992, 0.75, 0.8731988668441772], "loss": [5.400541305541992, 3.6361732482910156, 2.3787624835968018, 1.9935179948806763, 1.4022654294967651, 0.7295349836349487, 1.4969786405563354, 0.911194384098053, 0.7742329835891724, 0.30827292799949646, 1.0560517311096191, 0.5519163012504578, 0.5300735235214233], "val_accuracy": [0.828125, 0.828125, 0.921875, 0.90625, 0.890625, 0.890625, 0.875, 0.90625, 0.90625, 0.890625, 0.890625, 0.875, 0.875], "val_loss": [1.409907579421997, 1.410610556602478, 0.3288140892982483, 0.2820071578025818, 0.5043113827705383, 0.49932318925857544, 0.3034842908382416, 0.25144195556640625, 0.24776336550712585, 0.25331830978393555, 0.3266315460205078, 0.3460202217102051, 0.3700219392776489], "learning_rate": [9.999999747378752e-05, 9.999999747378752e-05, 9.999999747378752e-05, 9.999999747378752e-05, 9.999999747378752e-05, 9.999999747378752e-05, 9.999999747378752e-05, 9.999999747378752e-05, 1.9999999494757503e-05, 1.9999999494757503e-05, 1.9999999494757503e-05, 1.9999999494757503e-05, 1.9999999494757503e-05]}