{"accuracy": [0.8357348442077637, 1.0, 0.9567723274230957, 0.90625, 0.9654178619384766, 1.0, 0.9827089309692383, 1.0, 0.9942362904548645, 0.96875, 0.9855907559394836, 1.0, 0.9913544654846191, 1.0, 0.9942362904548645, 1.0, 1.0, 1.0, 0.9942362904548645], "loss": [1.3144900798797607, 0.01961040124297142, 0.15157543122768402, 0.25690722465515137, 0.06488586217164993, 0.0039156777784228325, 0.04688923805952072, 0.046495020389556885, 0.014246325939893723, 0.06405992060899734, 0.026346327736973763, 0.014224342070519924, 0.018874304369091988, 0.0015258245402947068, 0.014159084297716618, 0.0026115928776562214, 0.009049426764249802, 0.01457278709858656, 0.013928543776273727], "val_accuracy": [0.9375, 0.9375, 0.90625, 0.90625, 0.9375, 0.9375, 0.9375, 0.9375, 0.953125, 0.953125, 0.9375, 0.9375, 0.9375, 0.9375, 0.9375, 0.9375, 0.9375, 0.9375, 0.9375], "val_loss": [0.39482131600379944, 0.47613024711608887, 0.23459938168525696, 0.23199982941150665, 0.4285131096839905, 0.4231293797492981, 0.3457445204257965, 0.32969561219215393, 0.26063430309295654, 0.26182642579078674, 0.28966188430786133, 0.2927301824092865, 0.28741806745529175, 0.28564268350601196, 0.28672632575035095, 0.2870884835720062, 0.2884863615036011, 0.28880229592323303, 0.2870536148548126], "learning_rate": [9.999999747378752e-05, 9.999999747378752e-05, 9.999999747378752e-05, 9.999999747378752e-05, 9.999999747378752e-05, 9.999999747378752e-05, 1.9999999494757503e-05, 1.9999999494757503e-05, 1.9999999494757503e-05, 1.9999999494757503e-05, 1.9999999494757503e-05, 1.9999999494757503e-05, 1.9999999494757503e-05, 1.9999999494757503e-05, 3.999999989900971e-06, 3.999999989900971e-06, 3.999999989900971e-06, 3.999999989900971e-06, 3.999999989900971e-06]}