{"accuracy": [0.6315789222717285, 0.8684210777282715, 0.8157894611358643, 0.9473684430122375, 0.9868420958518982, 0.9736841917037964, 1.0, 0.9736841917037964, 0.9868420958518982, 1.0, 1.0, 1.0, 1.0], "loss": [1.4574735164642334, 0.7268792986869812, 0.7684838771820068, 0.2517789900302887, 0.02360449731349945, 0.12063739448785782, 0.007014141883701086, 0.1243622824549675, 0.02386803925037384, 0.001538158394396305, 0.0013891416601836681, 0.00019668362801894546, 0.00015136854199226946], "val_accuracy": [0.5, 0.5, 0.875, 0.625, 0.75, 0.75, 0.875, 0.875, 0.875, 0.875, 0.875, 0.875, 0.875], "val_loss": [1.824891209602356, 3.6529250144958496, 0.12492161989212036, 1.9158861637115479, 1.3068532943725586, 0.6448365449905396, 0.44921016693115234, 0.5040196180343628, 0.3540622591972351, 0.3024231195449829, 0.2884531021118164, 0.28271663188934326, 0.2822556793689728], "learning_rate": [9.999999747378752e-05, 9.999999747378752e-05, 9.999999747378752e-05, 9.999999747378752e-05, 9.999999747378752e-05, 9.999999747378752e-05, 9.999999747378752e-05, 9.999999747378752e-05, 1.9999999494757503e-05, 1.9999999494757503e-05, 1.9999999494757503e-05, 1.9999999494757503e-05, 1.9999999494757503e-05]}