{"accuracy": [0.5526315569877625, 0.7631579041481018, 0.9078947305679321, 0.9605262875556946, 0.9605262875556946, 0.9473684430122375, 0.9868420958518982, 1.0, 1.0, 1.0, 1.0, 1.0, 1.0], "loss": [0.8720544576644897, 0.5204288363456726, 0.2516102194786072, 0.12350159138441086, 0.11419954150915146, 0.11447834968566895, 0.08738511800765991, 0.052802830934524536, 0.03486591577529907, 0.02714315615594387, 0.029422681778669357, 0.020621338859200478, 0.020972495898604393], "val_accuracy": [0.625, 0.625, 0.75, 0.625, 0.625, 0.75, 0.75, 0.625, 0.625, 0.75, 0.75, 0.75, 0.75], "val_loss": [0.8817971348762512, 0.728226363658905, 0.6106106042861938, 0.6362022757530212, 0.6212069988250732, 0.582495927810669, 0.7456347942352295, 0.6906698346138, 0.6444457769393921, 0.608414351940155, 0.6070904731750488, 0.6168855428695679, 0.6192842721939087], "learning_rate": [9.999999747378752e-05, 9.999999747378752e-05, 9.999999747378752e-05, 9.999999747378752e-05, 9.999999747378752e-05, 9.999999747378752e-05, 9.999999747378752e-05, 9.999999747378752e-05, 1.9999999494757503e-05, 1.9999999494757503e-05, 1.9999999494757503e-05, 1.9999999494757503e-05, 1.9999999494757503e-05]}