{"accuracy": [0.5014409422874451, 0.78125, 0.619596540927887, 0.5, 0.6887608170509338, 0.6875, 0.651296854019165, 0.84375, 0.7521613836288452, 0.71875, 0.7463976740837097], "loss": [1.4549578428268433, 0.5293916463851929, 0.7319439053535461, 0.7703642845153809, 0.7326794862747192, 0.4250052571296692, 0.5641844272613525, 0.45918405055999756, 0.5391004085540771, 0.6807959079742432, 0.4751422107219696], "val_accuracy": [0.921875, 0.921875, 0.328125, 0.421875, 0.53125, 0.5, 0.765625, 0.796875, 0.75, 0.75, 0.765625], "val_loss": [0.384933203458786, 0.3395005464553833, 1.0820493698120117, 0.8744415640830994, 0.6985753178596497, 0.7246206998825073, 0.48240312933921814, 0.4700371026992798, 0.4999732971191406, 0.49862930178642273, 0.4678304195404053], "learning_rate": [9.999999747378752e-05, 9.999999747378752e-05, 9.999999747378752e-05, 9.999999747378752e-05, 9.999999747378752e-05, 9.999999747378752e-05, 1.9999999494757503e-05, 1.9999999494757503e-05, 1.9999999494757503e-05, 1.9999999494757503e-05, 1.9999999494757503e-05]}