{"accuracy": [0.5909090638160706, 1.0, 0.7909091114997864, 0.5, 0.8545454740524292, 0.5, 0.8363636136054993, 1.0, 0.918181836605072, 0.75, 0.8999999761581421, 1.0, 0.9090909361839294, 0.75, 0.918181836605072, 0.75, 0.9272727370262146, 1.0, 0.8999999761581421, 1.0, 0.9090909361839294, 1.0, 0.9545454382896423], "loss": [3.3645052909851074, 0.0003597276518121362, 1.659947395324707, 1.8907041549682617, 1.3384459018707275, 8.551883697509766, 1.353795051574707, 0.0, 1.2107088565826416, 1.0890249013900757, 0.9252670407295227, 1.6763731309765717e-06, 1.2327287197113037, 0.2896483540534973, 0.5248609781265259, 0.7728115916252136, 0.5827221870422363, 0.005490750540047884, 0.7113966345787048, 0.00018122975598089397, 0.6882298588752747, 0.00010634190402925014, 0.3244699537754059], "val_accuracy": [0.6666666865348816, 0.6666666865348816, 0.8333333134651184, 0.8333333134651184, 0.75, 0.8333333134651184, 0.75, 0.75, 0.8333333134651184, 0.8333333134651184, 0.8333333134651184, 0.8333333134651184, 0.9166666865348816, 0.9166666865348816, 0.9166666865348816, 0.9166666865348816, 0.8333333134651184, 0.8333333134651184, 0.8333333134651184, 0.8333333134651184, 0.8333333134651184, 0.8333333134651184, 0.9166666865348816], "val_loss": [1.9601693153381348, 1.8490142822265625, 1.70064115524292, 1.7020835876464844, 2.2958993911743164, 2.491347074508667, 2.1298365592956543, 2.0879547595977783, 1.5605210065841675, 1.5606321096420288, 1.5927553176879883, 1.575518250465393, 1.3521696329116821, 1.3462839126586914, 1.2055360078811646, 1.221511721611023, 1.4856511354446411, 1.4739407300949097, 1.475866436958313, 1.4716315269470215, 1.3309880495071411, 1.325028896331787, 1.2748548984527588], "learning_rate": [9.999999747378752e-05, 9.999999747378752e-05, 9.999999747378752e-05, 9.999999747378752e-05, 9.999999747378752e-05, 9.999999747378752e-05, 9.999999747378752e-05, 9.999999747378752e-05, 1.9999999494757503e-05, 1.9999999494757503e-05, 1.9999999494757503e-05, 1.9999999494757503e-05, 1.9999999494757503e-05, 1.9999999494757503e-05, 1.9999999494757503e-05, 1.9999999494757503e-05, 1.9999999494757503e-05, 1.9999999494757503e-05, 3.999999989900971e-06, 3.999999989900971e-06, 3.999999989900971e-06, 3.999999989900971e-06, 3.999999989900971e-06]}